vehicle_id,fuel_tank_capacity_l,avg_fuel_consumption_l_per_100km,vehicle_weight_kg,engine_displacement_cc,tire_type,road_condition,avg_speed_kmph,ac_usage_pct,load_weight_kg,optimal_range_km
20782,42.1209392313208,6.888482005362214,1459.8349627967873,1602.552616385326,eco,urban,63.96722527427061,49.37988957157461,214.06916990618174,411.21
20041,47.45038664315406,6.723172836721083,1058.341995246844,860.6965879686339,standard,urban,60.95553539648656,87.39980116130832,55.51482581892273,386.32
20092,42.30048103174836,7.888494320520015,1235.465859948853,782.1483984794927,standard,highway,56.74759424666785,88.72910017773295,128.9434882599458,279.1
20696,29.56549056814253,7.148970722427024,1762.6829882983907,1368.406312024038,eco,urban,55.60863121841318,1.0965916056447256,172.39653663864735,375.84
20726,60.941779562040125,6.4143868925792935,1598.305455944627,2022.4405006679956,eco,mixed,67.52850350551007,88.62957447513998,172.86124059746717,483.33
20506,46.03538153949175,7.77421605937957,1570.6814199830358,1915.3166626544014,standard,highway,59.56775097617065,27.14842174998585,217.63795153073815,456.08
20528,59.31152117761741,6.021207560175032,1150.0382708767445,1965.6308656896135,standard,urban,64.72457807332998,3.8972363968423074,209.91126966006436,864.48
20955,42.39963749819555,6.083234271971009,1462.9096837868956,1205.181528425474,performance,mixed,63.22474226181822,84.77902703628743,135.72291873463882,374.29
20264,36.19988018309236,6.20800896735158,1229.8306598639217,2246.3489960489255,eco,urban,76.85140930643642,86.38667559882083,214.99356217653025,295.64
20625,47.691809202551596,9.02960374024961,1241.1720367969187,1214.0426799254462,performance,highway,70.15491146062581,59.623107984235006,114.29791281112725,349.53
20291,42.842128736717804,3.0,1422.905603123965,1685.1297594679875,eco,urban,62.89292764725286,57.44337572963584,196.54436913959188,917.87
20968,33.22238542008642,7.593398252144413,1120.9019234737202,1595.8590840369054,performance,highway,82.7763304597827,81.31202726214194,240.52612392104965,228.41
20463,59.69784258787496,7.051407721300333,1747.9009313329611,1530.4504718741655,standard,mixed,66.30402793584842,78.63095527102799,210.74720534274846,459.62
20803,38.77729777106004,4.478694311142819,1251.960958120619,2135.4368553182426,eco,mixed,79.57444033185628,89.0105473442704,155.28851917620617,443.18
20559,26.597336152044313,7.464590168704003,1485.5081698778995,1317.9557919336157,standard,urban,69.10413912579956,55.27474475967035,133.4110614113939,240.64
20818,58.28166053957332,7.713627987747298,1736.6801437771894,1060.157897715229,eco,urban,32.37121381602685,96.76470927328087,73.57043518703568,375.66
20096,39.957019841873766,7.8844588470361,1609.4961323725524,1607.9981944825677,standard,highway,79.57252144978995,99.61468309333384,165.5269818957102,233.32
20886,38.921761073843754,3.0222579054325767,877.3242691928426,1440.0693062853893,standard,mixed,62.02764362014004,11.65446099986326,94.23913860145404,1155.65
20094,27.34612412970026,9.049584117781658,1433.4687685029653,2950.9531676330585,performance,mixed,59.22067843648833,84.9543759554122,110.34326681930315,164.23
20325,62.40941486596991,5.893394942972739,1555.2158183381941,1870.6029905759901,performance,urban,64.22022521234365,49.982225774858904,90.46270996316642,758.39
20073,32.105194127903125,8.029851620129765,1567.5589066482246,1436.2637699125503,standard,urban,54.82525257064399,38.75663382998321,126.98038336716724,301.88
20335,45.5844948070565,8.11161067102343,966.0115497656107,1177.5553723251653,eco,highway,63.40543290583418,61.3072309882715,148.60152927565088,360.75
20067,54.1262032254044,5.68495437157106,1102.889428894803,847.8846357724861,standard,urban,51.12185900485361,5.596555726200703,163.68072905828527,849.71
20757,49.21716933003097,7.990689928527326,1598.3674707224864,1189.9123657050268,standard,urban,79.11408388101555,50.64611187670799,119.97466822930184,432.37
20917,44.40345688007808,6.421760138631463,1071.4718887952063,1645.9767087036528,performance,urban,58.29617829568424,87.08905700266666,203.46418531975917,350.65
20076,27.98334141712584,3.892934230992764,1210.0911830007058,2170.9314606379075,standard,highway,54.2612423591635,21.34615161389688,139.5897371005017,597.29
20207,36.90275164232716,8.751612888291668,1772.7627428505907,2048.6756569551676,performance,mixed,46.12611276421089,42.63898947694251,110.61387833672404,313.42
20883,46.87800338042522,5.83743255547564,1285.6602248845631,1691.6379326585518,standard,mixed,64.03163683722963,93.94808877148755,161.31461336217183,391.48
20765,37.12825930013004,5.718259805892918,1081.9677586498472,1470.732933719006,eco,urban,62.80660650187638,42.85638378056973,248.1776416771908,446.86
20220,47.03359459998768,6.395401197944917,1036.7147929411285,1707.5249425648617,eco,highway,65.82636920516259,35.836763233239836,166.7580283267559,553.32
20261,51.817434088151415,7.408355087991082,1399.8157988755563,1392.5448010061696,standard,mixed,44.591221687423065,44.05366481233782,131.85721863131965,509.42
20409,54.625028858001016,6.914094383766846,900.0555974568374,2287.34559830555,standard,urban,35.98228201782641,51.945276651755634,73.62693219406479,563.33
20330,32.738206421873166,7.822100387060756,1225.7992108310746,1524.323927489968,performance,highway,69.3838695375984,63.199134413146886,139.02938395139648,266.38
20343,66.96646054978955,4.990765950207011,1399.9691604970064,1565.4648567013091,eco,highway,82.26962792814761,80.06928009167311,161.74640625440577,739.55
20988,52.674793445541304,5.886420444353898,1689.7449461643002,713.6710299917328,standard,urban,44.604695664151556,45.210220576431425,130.62095543722148,647.34
20770,44.98285846330936,6.826004391517699,1500.2644241109988,1521.8260613908944,eco,highway,83.84161925342548,81.74809350901403,66.73076808795003,376.64
20819,55.89536583076641,9.84683093898806,1085.7804646053464,1934.5936551859763,standard,urban,64.25866588104572,53.372066135208065,107.4717305248283,393.8
20073,68.65407771999973,6.829281192379363,1653.525795269116,1172.910969184582,standard,highway,59.89405643173755,33.84805103679776,222.7269230443879,742.15
20636,30.612798989431305,8.627833395492447,1210.1454887357568,1299.711866202875,standard,urban,54.03676955181333,65.79508281194141,221.70005018652304,211.7
20699,42.74737357508646,7.057832753176476,929.2890933851772,1917.0844070934659,standard,urban,39.23222970862505,71.77222547434914,105.66804153977009,367.8
20253,21.215683401266716,6.2745120438436475,1248.3875922203583,1009.3371105927787,performance,urban,74.815927738869,55.80489756294875,183.6378393599711,221.4
20958,46.92651532648025,6.629913363828339,1731.4507603437105,2023.1204030167673,eco,mixed,48.36590457843595,5.661497313472341,91.07136076149132,656.45
20832,48.65394241925141,6.7473704319566785,1349.5720150194775,1387.142443930759,performance,highway,48.30289986393599,16.98828751608249,220.2158140997476,587.18
20819,44.6083788455724,7.905468608441108,1303.7565592989358,1444.5727118035188,eco,highway,74.87889464830432,28.52977208902282,162.26179239471182,444.53
20746,38.4546642900169,9.061916901364832,1791.163493410856,1150.4486379497623,performance,highway,31.7552482999241,28.26256059514931,197.48207493082668,328.41
20985,24.50485483811675,7.539521271529481,870.5935458836718,1751.2185041711532,eco,highway,37.1460328399775,67.34208002468705,64.24533264087306,208.66
20761,48.73533683411769,8.780616518112634,914.3202657841683,2583.948794011752,eco,urban,59.727986347378774,1.8348661673632582,183.8818550962444,499.38
20331,59.55434483915325,5.552815393555472,815.2460587099504,1912.5988957842528,performance,mixed,64.39926643507278,75.56817770495199,149.61629681577483,617.35
20397,39.08981544266568,6.378054236778954,1411.7944559440166,1254.2858952237857,eco,urban,67.27101971953385,26.534247480693317,192.59645353954213,480.38
20344,49.40059929023145,5.9135461986885,1349.9479381345373,2054.2482341965906,standard,urban,55.47302259905621,31.00218462161024,195.74338990489247,636.8
20583,29.318556865799493,7.471666886312279,1762.820910183933,1473.3281816263002,eco,mixed,97.95554502962534,52.79098279439243,153.28923447373748,266.68
20746,49.57213063692514,6.461562422230879,1373.042523141031,2149.793992571024,performance,urban,56.58161161851249,21.592560093895752,119.95851804520427,643.31
20835,41.06617702255343,8.094659405551294,1178.7528521562092,1922.670560865745,eco,urban,56.53820771845917,88.44713135755275,188.98480910897473,256.23
20667,37.375820493970856,5.603497432551338,1300.538461863432,600.0,eco,highway,48.04519996779184,8.536877932656529,146.9922750297436,591.61
20454,37.39636358783869,7.064546459981922,1335.3122255382875,1198.368146817989,eco,highway,61.858602247816066,44.43823623010649,106.36075232361787,389.84
20905,41.0638841796699,8.030286866518384,800.0,1977.754089134156,performance,mixed,69.22441848070162,84.942226945489,103.99238842711571,278.88
20114,48.824333156925356,3.9020458374390845,2113.0994933004677,1660.662908858007,standard,highway,78.0536708180019,61.58438944212358,76.14177918438092,832.99
20312,31.878367988044822,10.182446960995305,1455.9613054305735,1190.49762091686,eco,highway,37.66073603339673,29.232951584263343,124.48544202184684,250.67
20227,41.02884668432147,6.575272172680187,1363.0024924067768,1346.5641938024748,standard,mixed,56.31006992466449,42.07602077764607,205.1346023037189,442.18
20833,44.58528222000852,3.9624401294857403,1484.5491952835741,837.5053519642478,eco,urban,66.70055416213717,70.66943803425147,158.8914899852717,669.81
20857,34.00960775468141,7.237140847865179,1512.8232941759816,1564.6506849894415,eco,urban,68.80586301891803,97.32607433638994,123.51161470384797,226.35
20244,62.966652016750174,7.050165201959726,1257.8339543492705,2484.2758904063057,standard,highway,60.09822986706809,89.31387183794335,190.24279690900397,447.26
20817,36.46504519938658,6.87715843064126,1110.62765912779,1921.9733562929302,standard,urban,68.13635954298152,34.24328083823768,108.37616891383055,415.64
20525,38.305630863665094,8.48678666939,1479.835205896511,2476.166800475369,eco,mixed,47.865541606113,99.81978792878576,154.76751371663892,208.59
20527,35.21692050177502,8.121167457140583,1415.7132521594358,1952.958835915992,standard,mixed,83.36858148477535,0.3504663531058272,141.01848136372422,402.36
20949,62.984800871381175,7.446814286535767,1057.0329702731776,2010.9917373410767,standard,urban,74.88942154469144,2.762975580841509,188.95653127941762,755.31
20426,50.529052285994815,7.675233450919971,1725.7106834101792,2389.6314750980096,performance,urban,39.82608319402242,82.38405151711939,71.13858145402496,373.38
20041,35.63407993756358,6.843462325842871,1388.005610896895,1750.9053037368906,standard,urban,43.873454278248666,19.946268683305203,107.49011270926721,443.58
20464,56.06231558859969,9.663236273860072,1518.9458086802892,1525.1090713972478,standard,urban,44.296173748396406,6.076926839624086,68.08771704527332,543.38
20621,47.00698694288878,4.781205972463351,1717.5762663039757,2013.063006648805,performance,urban,70.16954956344793,23.714807323650223,137.0201639095365,807.21
20277,47.57253421111502,7.209477511323845,1306.5666463494504,2181.536094848754,standard,highway,40.729083503737996,42.61001539808602,210.57137518162153,464.61
20835,41.55522791247547,7.09753694678317,1395.0856020952347,1408.0141429151165,standard,mixed,55.03463498687879,73.05662704334048,124.72763951732364,348.44
20018,37.505840130430265,8.219920609096889,1543.008171551835,1311.3723670639883,eco,mixed,66.82056594625162,62.43355265512055,124.46580309021746,294.31
20065,48.37766099054601,5.734219183862651,1082.5416748599844,1655.5424129723522,eco,urban,59.00751098180348,23.762121756042042,193.58622120920683,671.47
20166,39.549127700044096,4.3844910964051955,1316.2154988538002,1932.5995467726648,performance,urban,63.88331273569059,50.32704481005844,203.42747792276498,606.38
20584,63.16755629575105,7.23523452414729,1337.6645759953444,1919.2364194646248,performance,highway,44.01295932976863,92.62141053985687,145.5714466365605,434.62
20402,32.30708894756896,7.421845738327907,1013.1824344949816,1030.3329599249605,eco,mixed,68.92281560095867,81.50077769837577,184.2357427024946,234.15
20911,60.36156772854945,9.234399114171474,1995.2910366021636,2364.6424268253286,standard,mixed,50.80182161286005,32.318978483179336,96.15227295610268,521.68
20821,43.88681151202199,5.09445693051237,877.8119669522792,1343.5340282412599,standard,mixed,55.130704884030884,98.22645613556963,218.8987166962707,390.39
20408,47.99085734021106,8.73204065007508,910.5688288938527,1493.9740012445682,standard,highway,63.56597591858979,70.86204004351309,257.4353146968526,309.19
20111,53.33157766629435,10.551121546040683,1694.2679727110738,1238.938256004872,standard,highway,61.54617332296272,6.244935566678178,176.06078955943624,446.57
20273,38.69750704995564,6.433352668716284,1513.9798752389627,2679.331534374835,eco,urban,60.35970028523389,3.516071328863868,45.78341893285997,577.41
20406,53.642483846986366,5.063586670760164,992.2105547557667,1696.828268115187,eco,highway,48.74059767034866,16.840794901002997,122.08848688011079,910.95
20372,20.0,6.389538450439943,1482.1867045305078,1259.6099677273742,standard,urban,55.50675883201212,72.78558680501467,180.64126608346606,181.12
20596,37.80010466778061,7.021007451057071,1740.355133499193,1945.5694199849784,performance,highway,60.03275386255554,18.37389258424279,128.92585014168185,457.41
20650,35.759371926589345,7.845681812510372,1290.9210827209042,1907.6543117240133,standard,highway,39.37372150249372,51.148676920883354,213.60992771250488,302.99
20038,32.464939876282386,6.112907905242929,2079.6468700223745,1524.9091905680464,standard,urban,53.06200550529932,9.326012018083174,179.40786322179326,460.9
20104,42.85045161921049,9.332797801221012,800.0,1936.2426851133532,eco,urban,65.81519818549269,92.0886157830195,114.67622496171018,233.53
20323,48.85749968181695,5.3282015274879075,1508.1470361577306,1269.8832156676542,standard,urban,40.83845094231986,34.396061358356754,151.61324053856265,701.7
20792,52.026599984993055,4.3911922717408,1649.958500866301,1402.8326900202992,standard,urban,77.3487247739136,90.81320565606308,105.30833896804549,612.76
20958,47.40876757200407,8.660065636430977,1567.403170481574,795.9133381735749,standard,urban,79.04419893899764,94.48756419105443,140.8707560793779,268.47
20991,38.34306535106453,3.588068453190701,1238.6932820063055,1070.419566312175,standard,urban,41.32274136059871,0.6128647313680791,122.27033797837241,1000.22
20413,48.69016437825167,6.693805346690926,1212.8675553966552,2323.052322268274,eco,urban,80.36429449575209,46.4135187198732,208.7380900116519,500.29
20428,46.2428569485085,11.67652169381207,1433.243551326177,2256.5714510889256,performance,urban,57.84627616931798,2.4656055706892888,255.80060284154973,341.12
20634,54.36056167936016,6.981934670560102,1544.7263459956207,1626.315459459585,standard,mixed,66.27771838735582,90.86927663029059,78.4405833382124,408.18
20729,52.76936702931516,5.318848523955626,1480.742030884709,2265.172578875935,standard,urban,52.5502342180763,51.84075447345759,53.83918568951239,715.17
20888,45.30476413920629,6.913903804319809,1612.0173672380167,1535.970205356678,eco,urban,73.84567240840143,7.494401269849682,137.74137890743071,587.28
20060,36.02746993838743,6.9237988170707,994.3390128799795,1502.6358789728367,performance,highway,66.09141028273001,11.027672827656687,74.07921505856588,473.44
20611,38.47049844167919,7.240974910529674,1231.6687062629096,1622.6042593862226,standard,mixed,47.78770115103595,38.3509024492739,152.31058018354585,396.71
20306,39.50210640361966,7.993394473239429,1017.9952203628737,1550.0313618705738,standard,highway,42.52197000052067,94.02341928728895,187.44680569029634,237.32
20353,41.84733666083744,5.441333247448391,1184.1661671741574,1513.9214705759277,eco,urban,38.09546347186166,69.29091515680808,224.70709486334124,446.15
20392,47.68050427589753,9.53132208285519,1604.5662675442916,2057.3592428598213,eco,highway,62.81912664649135,86.76188661891324,160.06972793576406,260.57
20203,52.15174390128058,7.3676714265589265,1332.3951762175686,1660.0542615824813,standard,mixed,68.58707117669604,36.64566463399797,140.34223875752105,537.58
20257,44.48881306984622,8.090191069602707,2082.057748944931,1884.9927057735217,eco,mixed,69.76448518169163,4.321369954999832,51.08075417134579,524.29
20485,45.161247879004726,6.057775900366536,1358.021910156915,2012.5522101109323,standard,highway,58.230283580889335,97.43176372044141,151.3092574592899,353.4
20516,46.43306305000004,8.9295732054933,1317.907564173921,1755.2743182618933,eco,mixed,42.64505316503454,1.7172990662369547,153.5643630274731,475.94
20445,39.840946868676596,6.614421386780403,1331.8548758320649,1211.8914696367044,eco,mixed,49.768878029643254,94.7651653081089,181.94784071063725,288.1
20708,35.74607742357044,7.416328770240297,1108.6573921420193,1058.8536444143845,performance,highway,77.28522958442889,36.86774238491447,114.57559492354545,370.62
20179,27.4456210268929,5.600340884219336,1282.649016286722,1659.5122539229221,standard,highway,52.73057153099878,1.009040502188152,128.24736998820703,456.33
20341,38.04850641923127,5.50460256039681,1638.3364081334937,1531.4974780700263,standard,highway,62.151264460222144,68.91572317245083,76.09988723479078,435.8
20132,49.73145453267787,8.032307959679324,1334.1912004383316,1634.9565715680487,standard,mixed,43.86524274637669,98.05403040313541,35.435359655796745,310.0
20442,37.970885619604324,6.334589754688921,1061.9620810349586,1593.5783843005656,performance,urban,65.04874568188552,96.56257228375925,94.57514546016084,295.35
20835,42.621929625740606,5.719265368743434,1022.4746138564094,2633.4294640666267,standard,mixed,53.134731574813834,16.093701120241843,71.48370928734917,660.77
20252,49.66431287412317,6.035224986959454,1164.939432500247,1067.9094977434647,standard,urban,75.70069070663645,18.1247806066155,166.83561477103055,685.91
20264,50.206894964226684,8.048429607576132,1322.159030323264,804.0214920715501,standard,highway,71.6033655931022,56.55389146196601,124.09329716665714,419.65
20092,34.204671478339606,6.056443208194583,1658.0759606428787,1732.950733407844,eco,mixed,52.5644108013765,63.73048264283244,123.08814349626054,361.12
20661,54.970593564536415,6.823517602596754,897.853407590069,1449.4309781647219,standard,urban,58.10003958978505,73.94179136658656,100.7793476912394,482.18
20410,56.27350089355485,7.022541625430645,1204.052116633373,1726.4271478919804,standard,highway,51.73325639939057,18.10503604721475,0.0,728.79
20137,33.70150142781441,4.123976670984551,1343.2930058305237,1833.5532089136004,standard,urban,38.70850205182485,95.90070867644344,225.4155374373775,377.41
20207,36.76163130358846,4.793310391939723,800.0,2113.641878071559,performance,urban,47.13836355679175,63.873925628923786,99.98647386116059,495.9
20636,56.910906831461915,7.5044168338713435,1049.9205151100782,997.1096718464247,eco,urban,62.9732599158123,84.70469188705549,129.37899650750467,408.9
20745,43.53146478744699,5.894455958270955,1096.0334380791442,1377.3128408571347,eco,urban,64.87889247344373,54.00657152841718,77.25539173553447,518.27
20572,22.80222052548149,8.585087366920629,1061.2088878448506,1771.5045035523056,performance,urban,62.22821855388958,41.427684758988256,198.5965171720317,189.68
20306,31.003184952673138,8.450210656375816,1357.5668635064942,1908.1854382748907,performance,mixed,55.47400419062046,97.7182906594996,157.17144685186622,172.89
20265,42.50630374827519,8.078752999533156,1251.8321171494608,2477.379820115354,standard,mixed,73.99599908581479,58.212137081983606,108.68173573670657,352.74
20645,33.36957349715398,9.729657680968897,1133.414169219689,1982.2815884455467,performance,urban,60.95312856841406,86.68735827991789,130.3885194327988,181.64
20317,40.86576229363558,6.8753660083852255,1428.3887879657905,1577.2845616454892,standard,mixed,70.54880742143921,95.329239636629,233.9089961062435,274.69
20112,45.32396213683579,7.973322888855758,1816.922415293875,1243.8256988229355,standard,urban,33.39337301696222,67.53546270086592,146.35152840593608,348.94
20900,59.62254604034729,6.123398535105953,1791.7769550225257,1374.2840589123923,performance,urban,10.0,54.8938678518675,140.9133231192047,656.66
20377,42.09546083772211,10.678554869303085,800.0,1362.9188708171573,standard,urban,64.2568204175712,0.351085091065062,102.93092569303674,373.26
20453,55.72541799572759,9.975450478654029,1473.1216551505418,1862.0934514055043,standard,mixed,38.62851519417766,4.001964073900599,55.27094247638486,532.32
20190,59.2876016203677,7.017820651776688,1246.5930129808485,1702.7989782343323,standard,mixed,56.81322445930416,20.085121605111635,141.99806632103278,706.02
20890,59.34309669352076,7.579879344857789,1346.546602859607,1070.5401716631284,eco,urban,55.46854438463092,18.600843185599526,166.27425561623087,651.05
20439,47.847545933855685,9.038946399047209,1180.5150899372354,1425.6394123638268,standard,urban,83.81100903623306,25.475879519984534,204.97922321638347,414.58
20186,25.36710852161026,6.77929074277884,1335.2765889661607,1951.0190213805683,eco,urban,65.9999482941541,30.493463769766084,37.57517327501722,311.18
20830,49.608248654038654,6.015063893800443,1345.4222188216056,1740.6649419896237,performance,highway,62.487885401980094,36.00654935507283,93.74518364884855,644.56
20366,55.48399887813541,8.310984626510324,1126.3144727953231,1827.4578464051083,eco,highway,72.5548673195051,42.053769006887656,120.96294547217748,495.34
20088,44.189328945645826,7.117658869125505,1031.0897356524458,1753.1686840229052,standard,urban,65.52746380258559,9.886633845601466,149.8259575713399,545.94
20186,62.44583870075249,7.274491674467891,1165.3912952141548,2250.572293843544,performance,mixed,53.134845105173504,4.236193195278204,142.74831542357887,780.27
20818,53.598335614674575,5.7485929853980515,1370.2777793370296,1694.417225529748,standard,urban,76.0721389538184,67.39444490730234,143.91556571563652,573.71
20945,50.68273377152784,4.423491777454906,1479.6989025052792,1445.5908808517208,standard,mixed,43.35374808167589,53.73348248430777,170.40480292849722,766.54
20131,55.86380711205838,7.354213614818652,1556.004693202044,1233.6979835465759,standard,highway,64.84870781300343,44.41442022201196,104.83534446104454,559.95
20871,48.333698512608784,8.3574430622413,1151.7429930799262,1699.8437832838847,eco,highway,36.78645308795534,63.443994116835235,196.70707211168474,356.04
20634,20.071895006046464,6.661289876385937,1385.153370190821,623.7183940899664,standard,mixed,63.05915786273992,82.76794072035405,171.67262208497402,161.46
20559,40.008610485296344,9.1546442793383,1588.7507775859895,1526.2843992669152,standard,mixed,62.894844626593944,42.76929091162046,134.00838679359603,320.55
20799,56.97168027247854,5.944125511876683,1649.6784685432385,1517.6640560314625,standard,urban,85.14682442871994,64.11194650519793,230.04539959444577,576.31
20375,36.92408659901704,5.417943317551121,1282.3501437605432,1054.2116585530875,standard,urban,36.52539159837331,95.35722238351588,227.82080177858836,315.96
20690,42.76527494763061,6.899154539205803,1233.7204825181161,1228.6936645376018,eco,mixed,50.98669236219281,83.96244958615607,196.64476775969044,324.28
20691,34.55163686096929,6.876111136973064,1357.3372701509177,1923.8630120592966,performance,urban,72.34023639861216,42.600081050240945,0.0,395.46
20098,62.839225952017685,8.154953097002833,955.0877581307783,1692.284699629985,eco,urban,65.02975884595962,64.4716837814743,228.9472546358988,462.39
20841,61.814924574180154,5.837555763904023,1241.9171466893476,1640.715333482931,standard,highway,62.70457577006255,17.707092191593976,189.7379261235967,873.6
20033,36.16131104859271,9.052141355222346,1523.3759195419389,1722.5390135728092,standard,mixed,45.65796445562191,56.05221848950899,250.32043188564683,251.53
20931,46.47298000389084,9.95037544376238,1492.5841388331103,1637.0510351795695,performance,mixed,51.13772477862857,98.13282911384428,211.87322958667693,212.68
20581,38.19505952235952,6.941283959547487,1218.9197186908332,2097.1450251433257,standard,mixed,78.67561512334885,51.83151152025223,228.91713387486428,361.0
20170,51.149446390313784,8.874565630276479,1365.31546032615,1649.3716726814596,performance,highway,59.22736209369108,92.76382991901473,193.93274250901896,279.07
20365,50.09683077242329,5.41525439406211,1052.6048979127938,1016.7147544724999,standard,urban,65.6303954421671,40.73349205032607,217.43465993227562,656.6
20783,53.117055716132654,8.612832311772873,1511.0476444675073,2252.051985949764,performance,highway,58.272175068352816,99.88448271846312,249.70618703672199,270.17
20058,48.31918447707887,8.570914612839193,1276.6535691590582,1748.1361069315383,standard,mixed,42.25371727125352,57.92200352275578,160.8277369189103,368.28
20180,74.35406206388468,8.295155920284818,1217.2145644911586,1364.298507681973,standard,urban,74.00715639112495,4.226899423593455,71.38847279609351,846.09
20018,34.72076234989261,6.976655366694559,1191.482849171984,1098.6393126819926,eco,urban,67.54848576798744,58.67547966913881,134.62695499924288,327.99
20225,27.893966455634857,3.0,1281.1318399300426,1758.3656883832182,eco,urban,94.58455256050783,27.457269567959663,169.49727996917184,734.17
20472,41.069097992985384,6.0374092845218055,1165.6367065204124,1553.1311980102498,standard,highway,44.766279305241824,3.248132203589471,153.74437921857788,617.75
20094,29.320117344397325,6.0611259734730965,1497.442910800769,2229.6587144129635,eco,mixed,72.33859381800721,82.08533046946633,87.67190169202868,272.7
20880,30.075377299940072,5.5326175929092845,1181.4149355951458,1461.6370877332688,eco,highway,40.32684050944498,27.572963698075593,68.44661874025105,452.62
20296,34.986853458020335,7.183364506820599,1777.8892288082143,1265.0476841270133,standard,mixed,62.360198515096165,79.65485540464985,112.94186656825855,276.52
20592,35.77811094568372,6.371554831718148,1739.5631510444143,1958.3184872943714,standard,urban,74.64759883594746,28.821758295586697,190.38697779920756,434.86
20174,35.4538189804994,5.763081985352467,1032.5369530436485,1970.1127570867325,standard,mixed,28.917973258552696,19.432635387377427,229.01698854114846,491.82
20221,50.182189504454115,5.4117997776282705,1320.9112808287841,1667.460547044078,standard,mixed,56.92601288637588,97.39355741044274,195.82838068888506,429.14
20614,39.93810938914664,5.926730521772157,1104.8030135991414,1870.5428190699633,eco,urban,51.551853989360694,36.164532775501954,202.87136435570682,496.02
20053,43.2048542512752,8.682248817774893,1202.0057310434165,1584.9251517031048,standard,mixed,49.470640525573174,60.13762114431604,145.95922134182211,322.6
20694,53.94232774500935,6.008462418058759,1900.7282402934393,1693.5460404036987,standard,urban,65.77818978389031,60.998149281447155,62.895877114701804,604.34
20862,37.33677475218574,6.2275919403500914,1207.7285748652603,2065.996353025569,standard,mixed,76.81028559633893,56.04734821735018,127.23897095586473,404.07
20402,42.35454101295278,6.314953577465131,1408.0678111232287,1850.1273336086012,eco,mixed,58.00081927156267,91.46957435212147,137.06177940638105,339.02
20317,48.65759986092915,7.5084902707141294,1462.3963882024834,1532.29022466695,standard,mixed,63.0822964134003,67.44410713668685,125.14737565821588,402.63
20866,25.584321993797786,7.684374232792799,999.8111882550278,2140.9450183704603,standard,highway,61.714631295888715,40.373300410493016,152.7347432687313,245.44
20348,21.150944910494175,3.0,1043.4713576772385,654.0578508833951,standard,urban,60.02705259534621,86.2380384524274,172.0709879946475,366.53
20442,48.461173287977225,8.532452820741412,938.1932885775643,2420.8293245687737,performance,highway,43.659860434318404,18.10628991159644,192.65075941217486,466.79
20832,49.92014280566899,9.15455205136563,1034.208779830667,917.6163620437059,standard,urban,76.6266690258434,54.42367576104174,136.0940067816833,369.91
20579,65.64220134852411,5.424720193957496,800.0,1349.1628700910817,eco,mixed,64.42793052238254,95.05503719437563,54.81202971777033,617.55
20539,46.5809487586681,5.541552632897748,1463.3747202380885,1583.6329859219725,standard,mixed,65.92322235003867,62.53976298804127,125.85611403544326,541.37
20785,53.19739717258095,6.324619918332592,1916.2581523768208,1541.4077317087354,standard,mixed,47.902355564616265,81.69684504748761,152.1855198495992,459.67
20281,43.04527356414026,5.865993970815093,1344.3462217109582,2002.564416010622,eco,urban,53.11169403016139,65.35607255451929,211.1403961066704,441.86
20359,47.972272215850865,7.335890310919909,875.1193421978178,1176.8653525559062,standard,mixed,57.35798703433832,83.93708635378904,121.60960789079473,356.42
20914,61.67256841749534,4.0802120704617035,1107.1670851300155,1704.3067269932253,performance,mixed,36.98812959826723,94.44878798452436,175.6271814199701,727.66
20822,23.760071818743643,5.3231085879448905,1162.3369464925008,1368.7151607120984,performance,mixed,34.679485122034826,27.29217275327368,164.5043949817716,353.74
20630,49.1361625757168,9.308795800262361,994.7245668359873,1718.0563917349666,eco,urban,50.988781040421486,16.966108125671887,152.19502665616943,446.31
20891,66.35586730077367,5.607670048977973,1558.054791518547,1574.0910960808494,eco,urban,67.83781149663585,48.39907503325399,196.5266659662296,808.81
20952,47.82034219209343,8.865142417154388,1543.0780133126002,1637.1742610731912,standard,urban,50.202939151050884,70.18624268242158,116.95794016237096,329.65
20645,61.50572963232848,7.5330072933852055,953.3644618547021,1380.0300670142617,standard,highway,44.7179220361393,22.71912531822161,121.24067751782418,679.86
20640,38.707878504705576,4.286098428117613,1517.5243133342524,1395.974419961567,performance,highway,47.779715201434946,0.4101450430167075,149.4049588452886,833.93
20007,44.67952505836286,7.9529937928243095,1758.0437990731796,1714.9090056109708,eco,mixed,53.16986365282031,34.293511583670536,117.99267474531501,438.0
20992,45.33524702388588,6.82349904671072,1870.767461568868,1977.4862023024177,eco,urban,54.69211555769844,96.88593354677884,175.40061455273,312.5
20562,22.824089206412292,6.31679941562539,2159.563606925789,1360.688266320861,standard,urban,92.48282178309836,69.49674606058467,114.34038478169336,222.29
20490,33.318221721498,7.367435639758006,1029.4022051670408,1252.492982170836,standard,highway,75.81930942730978,40.13254439412239,161.3152103872567,332.33
20340,34.03124920616014,7.711950228350188,2147.266127918561,1845.3840662687348,performance,mixed,75.37161168422593,19.257609734684035,144.99136156066217,369.88
20471,53.220660780325275,8.06138773296193,1193.7380834473636,1586.9984427769243,standard,mixed,77.52870546410072,35.6089673754747,160.7462982388353,499.03
20792,53.72153105684055,8.767379271322003,1122.2603633858457,1932.1992535943807,standard,mixed,45.01768695998926,16.983943330124795,127.01293024684804,525.1
20686,48.24036442706533,7.612203869167534,1398.1217124633536,1237.681114651541,standard,highway,41.66453077519141,10.63058213129514,133.04558527365865,560.12
20694,53.24102896855706,4.936548866820457,1125.3815997720963,888.2244298306276,performance,highway,43.39694562698915,90.67423725725538,154.8004633998525,543.91
20703,43.35850587278226,6.289531813523213,1419.7132421939577,1386.7983672694663,standard,mixed,80.01759200006757,99.76503383754735,160.10372530806563,317.84
20248,57.01931669539543,11.414572502902931,903.9768436788095,1293.4589562939937,performance,highway,51.792123166762636,16.41144395957903,149.7899042304422,424.2
20234,45.08788442632072,8.086736590572592,1228.3742193809696,1568.48463996788,standard,urban,41.2296572664107,5.452255887827972,235.2681178256542,478.55
20082,45.578640474267566,10.553930951217247,1685.674670308504,1345.2619142918443,performance,urban,53.53505699670281,32.973110714621235,100.46315406293579,342.55
20092,42.34407366737589,9.093151123298778,1282.8816125706533,1896.4067805345796,eco,urban,56.42091702428059,46.16591807614153,146.78981025236433,331.89
20884,51.844504776364275,7.362703107333623,1342.4787360219648,1484.7398950309935,standard,mixed,64.02619910541843,20.48212470758545,71.31854889415077,609.5
20393,40.78801183387087,7.4521106046716765,1442.5775814151934,1660.1897995095603,eco,urban,63.76426531068064,30.142491179855845,168.6040739333693,425.66
20823,54.76431377198068,6.9451299401847315,1651.198488795298,1663.0538233763775,standard,urban,47.57729154189738,20.08707356916577,94.2376731811593,675.91
20267,33.67850859283993,4.3932930762302504,803.4325863431701,1677.9820369648749,standard,urban,70.28484588770567,77.42605684324514,136.0844872061712,437.85
20416,34.010837452718064,7.027070878702337,1475.3572155512304,1590.3483558180105,performance,highway,50.412096993747625,71.25779432472608,131.3967837334337,291.09
20631,51.87426755126504,8.816011828813295,1219.558258227471,1804.2402761641254,standard,urban,57.65585494942435,63.49515157609817,164.04455633005858,368.66
20582,44.114557854169874,6.100540007768195,1349.9913685935517,1281.737946469677,standard,highway,70.30161105755033,38.721785707920475,122.360454122741,547.45
20528,40.46108583846872,7.617929498592714,1617.985050928713,2159.7671706615533,standard,urban,50.37267894083488,90.90409413142359,120.23471511530089,272.3
20252,53.90057732475459,8.277386568839797,941.7440045764467,1505.385046652586,standard,urban,51.45972864628294,96.953254153502,221.7928232042949,298.3
20956,38.92738585913916,5.635479341031287,996.2066675670732,1075.3803448405274,performance,highway,68.87502074539697,17.3639312625412,164.2283395237263,578.99
20121,42.9979874569963,6.323045703484503,800.0,1675.2293427967093,standard,urban,47.13400235092471,22.301264141187804,121.9474573988866,567.35
20891,58.99227950071159,5.473132764284261,1135.2523174708672,1259.527807021006,performance,urban,54.22811964593894,52.563102800036965,137.45831640943845,739.97
20009,60.3914234581065,5.76675158996589,1699.129703313645,1866.13381380355,performance,urban,68.3361326706434,9.125056928224529,232.26774761353724,883.38
20798,60.723982102703275,5.068592074520408,1263.8238434579591,2483.8422304169508,standard,mixed,90.81138662153963,43.64483988231128,138.24175608744514,871.86
20315,42.17874223066089,5.64932730793296,897.9625313035642,1285.3711633768598,standard,highway,69.0810675714412,58.179126477771014,115.53616884238062,498.84
20837,57.3070290498447,9.129183521196758,1154.2963766274859,1732.948933289594,performance,urban,67.08959644485017,52.20735711373331,115.75019249368037,437.03
20272,35.51047172231322,5.626784456364561,853.6414889528131,897.7977645181489,standard,urban,67.96202375509094,33.090858307802606,122.54367595052113,494.41
20305,35.930971252779386,7.189688828591035,962.4441694806515,1781.5620917765389,standard,mixed,43.902145888994255,54.244580607720685,120.27511387866389,342.31
20804,21.49544147375639,6.245696869493566,1416.645673079114,1245.714480080124,standard,highway,61.73395108019862,95.88009542588478,86.01760758253785,171.47
20209,61.728682018985296,8.768298905555408,947.8380021081914,1350.066152626207,eco,highway,59.553502674953975,20.601740429137607,93.7899951526511,601.87
20957,36.36020150923922,8.966743444905426,1633.7902915609907,1159.485404064069,eco,mixed,64.82376810559134,65.48313583940036,108.5339812819315,257.93
20729,43.7346742025294,8.29610497320842,1278.6639127508993,1892.8604904218942,standard,mixed,61.74762078713806,4.339669415605185,179.57855092265487,469.43
20752,35.89675658071716,7.459201829654133,1325.6784111833576,2002.9217429893051,standard,mixed,65.69549516125669,6.641640448143493,130.93813563635632,434.8
20885,51.9516524833014,6.653410694738652,1216.4881097176317,1609.354085863403,performance,highway,55.327992076511975,55.1828224223585,139.641915545298,525.91
20463,41.2436633928266,5.2121879437131255,1531.854351563117,1254.2293178657121,eco,highway,60.87913376057689,10.493918032794946,213.50440126274486,669.73
20711,31.951831095670506,9.915293321683295,1534.9479663331033,2235.809214441545,eco,urban,41.58257150914512,2.2346788426857334,214.7503574969209,284.43
20727,49.416625641860605,5.86049047337117,1400.5163055736514,1299.8359488981375,eco,mixed,55.201390829956296,17.151299764802218,135.89375284311325,718.52
20716,30.662699751897716,7.995469520549262,1469.4367317722945,735.1870800290245,standard,highway,80.86250322264965,56.48491709995744,118.45682446582956,258.89
20924,36.625942746845084,8.589348358935096,1236.3730990238723,1783.3556039828272,eco,urban,64.78212509442383,70.33409545189325,106.7784843163231,261.7
20415,23.93110885373919,6.167079254642006,1462.6609020727146,1158.0901305433933,standard,mixed,59.68618443925385,20.247856414138,184.63878848541188,316.56
20215,30.760418878023934,8.557018790973943,1198.636667357858,1995.4435173996699,standard,mixed,88.4418491438152,66.82594372081745,139.7646383238856,222.64
20079,46.78529169720478,8.146319805008282,1300.6694866487205,1447.5449213306324,eco,mixed,39.58747532548381,18.247633109922933,130.6752554838605,487.81
20778,25.354639618970754,9.591945753072647,1217.6068751901107,1841.4852962176785,standard,mixed,43.35816666830671,61.34574266312571,109.31677124312236,173.24
20479,30.188542753782844,6.2959803003599335,1162.8344382042412,2160.600138620863,performance,mixed,85.69067116914408,41.195967989579884,111.51667954943058,359.5
20901,44.97631083867192,5.071203974080428,1093.2664606834628,1116.4564541517111,standard,urban,60.68941404073401,65.37995093336167,166.00290957466223,547.42
20890,39.56393103906947,6.241765366833233,1440.3070311576657,1373.6251476430377,performance,mixed,56.361254455653096,99.50527524792473,84.2280867056369,305.08
20546,64.92036635959309,7.3132803138014975,1693.181773844039,1569.7315709371746,performance,mixed,42.01193512356535,93.7816965232562,199.7434346893969,424.37
20800,63.338965460243756,7.0873190906275845,1651.3305915008677,2215.0205276137376,standard,urban,66.71544399592518,0.4281757836103628,123.30776780925407,836.8
20017,36.32077537248846,6.409843155588174,923.0303992163695,1336.6469128238218,eco,urban,68.16689804291194,88.54387643623058,142.51820278741036,293.28
20164,50.57137618403482,4.136203811534136,1686.760915422062,1362.198521620397,standard,mixed,43.58258458747656,6.649079517476652,83.15110209297228,1132.86
20524,52.492825568794515,7.70572449419366,1204.5524495146215,1791.2562302223234,performance,urban,57.89586621674358,95.3046586159845,149.38170308788176,329.97
20201,39.02521141975597,9.9585167186233,1480.2199045436776,1369.1085097157716,standard,mixed,54.96726251950401,28.18256790996847,133.583952865472,314.17
20740,30.044584635017962,7.6963768571845055,1028.1354003858366,1661.0103531590466,eco,urban,63.839657196281564,38.20348304112709,147.49597005717666,292.52
20345,44.87701550691943,7.91370327858027,1342.5939741622017,979.3850316127493,standard,urban,43.21124636669035,9.163820517572784,223.58544491809454,480.61
20365,43.271543251858894,7.858667959232653,1394.116954869072,2485.7319770226386,standard,highway,78.77921181769736,11.22727583289096,158.88490228951198,478.42
20976,40.64235503029381,7.5955700048236,854.6185624241041,1060.9163078762385,standard,urban,73.73735672396407,72.67405652293196,110.26704079270979,321.87
20447,49.42316868164485,8.397498950302142,1482.480149903257,1471.2989184039166,standard,highway,54.552366619007756,94.43322357482916,114.43400447267159,292.88
20512,37.492703929944014,7.593060521778499,1703.7805023514945,1587.0075856631622,eco,highway,56.753719325424434,61.074849495430946,179.75655929568842,312.16
20318,33.480024524208574,6.530984245520086,1247.6056162955117,2365.0752537427184,eco,urban,57.95366774583576,71.5850015526811,214.9346645496712,293.78
20216,46.090829703498315,5.806016634986869,1708.0504392484038,1070.0616876269041,eco,urban,48.32537170490245,76.19697445971535,164.0959010375525,451.08
20033,48.859700925688756,6.626539517078987,1243.0919519642778,2393.4816541915006,standard,urban,53.348558726474465,26.28142745529417,184.43563722773848,581.38
20870,33.23355056099947,7.471194244675999,1554.8753593139852,1902.870728440809,standard,urban,55.94594448488086,4.5229630920214925,180.48688616683526,395.53
20265,54.28090610991081,6.52587555831554,800.0,1766.8381297692983,standard,mixed,84.19302556060691,0.18727439191685846,220.95322066787605,739.19
20639,27.29518862223922,7.471508024697146,2025.6333337940391,1206.1465251928178,performance,highway,74.19927462495656,35.06492829540186,52.52049136369837,293.36
20723,39.21886541284357,7.658725200550626,1748.637473572887,1828.4564968152295,performance,urban,74.01982061004935,24.14642281992161,183.36094696522642,408.98
20774,42.41991463802391,8.249769146905273,1214.6123487238963,1310.60535103208,standard,highway,65.54888419506585,6.231772504918565,199.1868021951782,448.56
20823,38.6377628734807,8.92419245325847,800.0,2106.664501279365,standard,urban,43.240094866031484,17.952829249366676,83.06381469322133,377.72
20079,39.349395264488074,7.117011127718286,1386.4085104916467,1211.575188356907,standard,urban,59.37763343133931,12.44988982679478,105.71659079967921,491.07
20676,63.71074482308114,5.038335152278509,866.822335877873,1554.7366022175663,eco,urban,74.5573268942007,91.48783806173704,107.46086256859233,649.22
20412,36.49115910961101,6.482343854771215,1433.4560612672465,1377.8907647947315,eco,mixed,41.12603055949069,14.026721345916894,113.56049018113083,493.73
20251,69.41221722471914,7.066093851109899,1423.4697157492847,1204.9908150292022,eco,mixed,69.54829810309897,53.764846398767915,125.9141474532237,673.04
20011,49.371267797310516,4.246346865734365,1017.5790492993926,1896.5279267631656,standard,mixed,94.8391383789415,59.310595511216455,162.13014065274706,751.58
20400,45.92055137311992,9.082996780153723,1636.2901070843131,1814.1834989638535,eco,urban,75.92724968984598,54.34894577086338,193.28373255836848,332.6
20815,49.76240353387666,7.2135668687656995,1541.672410841852,2083.604079560399,eco,urban,81.21043703342981,9.905643421598798,204.06584788842682,588.78
20723,70.29927749251952,7.572029251870427,1592.747001186569,888.049956716733,standard,highway,63.27508125663241,31.87983617505512,108.1088469416109,738.23
20281,35.06406996068552,9.0482896937894,1302.6573111006687,2025.6682809364174,eco,mixed,74.51897923147484,5.127033246315326,107.76485006485086,357.24
20111,33.79582081063611,6.054785754786479,875.342779925888,2602.1795621427573,standard,mixed,49.232201784689465,39.566991409631605,215.79109200081115,399.43
20722,37.45133803428079,7.861062896326045,1593.3616816633412,1419.3435643292212,standard,urban,71.93795718511839,18.8598931271592,182.33719677093222,392.15
20377,45.32143146964561,6.835203815347096,1218.8885802592627,2358.0594448435877,performance,urban,69.81582201091145,56.16325332843798,154.1432420934498,440.11
20750,27.742288751874266,6.723869699476121,883.0659570421992,1494.7354911760694,standard,highway,64.34866761056495,69.28083938491005,173.66683377774837,246.25
20267,45.22339239318608,5.841711418293431,1705.6118097922977,1051.0361049754772,performance,mixed,79.74011129577747,53.21198602047065,148.50981090742798,525.99
20916,61.93547133413672,9.49840482052979,1929.8222561507528,1477.7470230372817,eco,mixed,51.91822743228917,43.42366966113958,176.22923415238074,465.51
20297,46.51407390624777,6.436749939886644,1287.625561306239,2019.2815870701104,standard,highway,57.19413725289506,38.73334208566924,133.19666517471296,543.88
20316,42.07314541024723,8.049196370343553,1947.7363463809875,1264.7294070673875,eco,mixed,61.43193062037445,84.16917680970037,163.44024672196153,277.99
20569,38.81839551316372,4.187488918792095,1327.3944185834048,1359.8645363974051,eco,highway,44.55583543365899,21.936806506527006,74.47269748152519,794.6
20508,53.98511704551564,8.76998279453468,1185.8632287500945,1837.4157729172764,standard,mixed,63.40397915700372,73.42183395288689,115.61078525872844,367.07
20949,36.74167226761952,8.578316733935587,1110.8624637443568,1601.2240466954293,standard,mixed,34.216043805692294,75.7482324740119,116.14944116048282,250.64
20545,63.46395920599248,7.146151165445954,1791.1247223978228,1833.8491809946963,standard,mixed,75.70431801642314,41.92000072707345,131.2804983396543,655.87
20774,64.33359747714357,6.659586300793113,1065.9568355836684,1695.1318163033343,standard,urban,60.69956049848949,29.730059922563935,103.6743372610126,779.8
20364,47.567507986617876,7.600000008420349,1520.5807929924963,1791.8501278206293,standard,urban,52.18660644144355,47.05414860459752,123.32281870884592,449.12
20546,44.88484911923355,10.433185991320434,1132.2508494822375,1427.0795256761835,standard,highway,47.48439581557318,9.32139258926985,74.27929688009397,394.93
20270,55.30659808241559,4.355144951644773,1161.9079712276912,1692.692376812157,standard,highway,56.48131455571219,4.593003222908997,177.43502381974503,1130.67
20960,55.94798502227325,8.173041081361191,1609.07490819087,1229.0507977216266,performance,mixed,70.3238956615862,11.16031994518918,145.87432405443028,599.2
20473,36.94008268940584,5.632574046769146,1185.9889461131938,2115.3734490013553,standard,urban,68.2160846810634,18.714503146222615,64.73961961119916,575.22
20738,39.73444866863298,6.970122405550403,1178.561386173912,1346.2901132730744,eco,urban,49.41693079082309,50.4176820338043,108.25850447266635,403.28
20536,31.776525653167045,6.628179821382005,1639.841409152442,2051.538995019756,eco,mixed,47.309404910585485,84.91366361611222,166.83007137810836,252.86
20233,49.09064938334057,6.357522613303367,1779.219187966487,1506.5572156068538,eco,urban,69.85348059479472,23.564233199968697,122.84890268071052,639.35
20058,51.66627883456891,6.984302306420906,1493.40694098527,1680.7996043029284,standard,urban,49.164788930774556,93.51620107467781,115.15292699309516,371.18
20250,31.500743621387272,5.298743282083314,1103.5690673128152,1402.0141796437197,performance,urban,60.898646611192554,95.49079089350035,146.27036614959619,287.93
20846,40.44801095183841,8.54377065419195,1146.817450210726,1193.6018275327883,eco,highway,61.85631963786415,95.89046048452052,167.1798767589108,225.84
20085,31.52746082418651,4.308784733202099,1323.9745791220112,902.0958449578794,performance,urban,64.68093197590107,83.75627346763238,78.18237714804197,408.65
20762,36.012001897561625,7.809646769242513,1396.2790185776973,1177.8703365630163,standard,mixed,72.87405645272807,36.38250407977206,177.50642406089398,343.76
20389,50.510170602262995,6.510196221198143,1003.6402269580684,1470.4364587136313,standard,highway,41.055555946990154,7.268391100262306,109.98533591963117,706.55
20179,37.6651793332172,5.24361265928882,1516.9113818739593,1684.7516715315537,eco,mixed,31.332610121092685,56.88187317664949,149.10360158751007,475.69
20718,41.99174043967702,7.303575055898043,1325.6539988918796,2004.1517253133054,standard,highway,51.488290781574726,55.86814439372338,148.2289929654245,383.63
20855,28.726882720526845,4.664573369940284,800.0,1421.6970160812605,standard,urban,87.0229261174828,84.99757671095955,123.64669408801129,332.23
20148,46.869902097246644,7.059570732579452,1021.3220552617809,1247.2156942931304,standard,urban,90.33261150131068,99.59910509461052,98.81701269346428,316.82
20582,44.55726680155351,4.865684638282668,1148.7613979045009,1022.914085598915,eco,urban,87.46765703348831,50.81573065601476,135.71567259538682,636.72
20120,37.71040749966838,7.691908126476747,1278.1426933476835,1792.0254471616415,performance,highway,57.105279483589655,34.520403103978424,231.26651545375975,358.74
20764,43.10985702317526,5.613463999554437,1866.7836386511988,2153.277806131737,standard,urban,33.268273770227566,18.5901711556267,81.91624847681845,668.06
20604,46.80294880503445,6.323508974456036,1371.4513918418884,2106.5321071825156,performance,urban,24.854413475222387,0.4799824817370735,234.61565095524378,651.75
20255,36.85131851090656,7.440924081914743,1047.7684330304126,1883.973099258895,eco,highway,50.78942757675883,50.911369248887915,137.0139414461734,343.89
20765,30.237374559982207,5.841186832236646,1366.189241292149,1855.4173269070395,standard,urban,57.028895547759596,55.55186667025958,151.76857085443194,345.5
20863,63.05574432686815,6.913054000497546,1194.3736757638358,2279.049511883736,performance,urban,79.50938101583938,82.49384798173975,95.66445943076363,510.27
20799,38.66727295289727,4.72925424813272,1397.4274718600625,1732.832584566724,performance,mixed,73.01708189313669,50.45769678928006,111.43652916612595,577.28
20308,44.032398968131105,7.946313405394234,1474.1703061106844,1858.4518704096686,eco,mixed,63.41107618487431,91.64683486660566,124.85451749809904,281.46
20058,55.108397350203134,9.647370708326157,1662.7691941671815,1471.6864552592003,standard,urban,46.65232843588288,62.80834765714355,97.7152514561044,372.69
20068,80.29055187570484,11.188313301864941,1292.7140512989922,1055.182651658097,eco,urban,45.58830662632665,84.03362382210831,139.5541021314564,387.07
20445,32.555135501111344,7.136752219999659,1791.68815827995,1326.4604398001695,standard,mixed,63.81191530607153,14.830173480774711,129.64920540966145,394.96
20387,49.4982721372651,8.18230621119578,1572.4067987608573,1596.336384586138,standard,urban,70.4557646825959,85.53361303023146,242.53905712178667,304.24
20085,37.92447714705894,4.329061490638766,1087.7681365563437,1624.3141490005212,standard,mixed,65.87821893368377,67.51438544438484,91.70129071597694,553.71
20785,39.61209695423289,9.254101489458382,1962.9566997245392,2370.5143419421574,performance,urban,44.48103060590018,17.023303243833055,155.13452583742935,361.24
20226,37.7978797899321,8.164342757086159,1398.0983539810293,1632.5108670364275,performance,mixed,69.76001443188129,18.976355814601085,162.39231409509125,385.01
20592,33.743450321994146,6.2740998325731505,1049.4626488083295,2071.5373776102574,standard,urban,66.38866450652117,92.65006190442213,96.48397256740813,274.75
20625,44.58708638215339,8.855771200433514,1795.8739153691265,1425.9691033694735,standard,mixed,43.94000390714733,3.2215360450372876,184.34137477264193,449.71
20183,30.254973129517644,6.6182858850319874,1923.3332755595334,1475.3296456939063,performance,urban,48.235185445496164,46.25349432957061,130.0836493559186,328.56
20791,54.468075665118704,6.312962225478165,1290.0924208841318,1068.3969451106207,standard,highway,70.3274396184235,31.347528993410158,25.380517420846644,718.33
20321,45.550029360333745,7.713002388141237,1148.904921887321,1303.0687948493712,eco,urban,56.48238697281164,66.5077439998428,182.99248060522825,358.11
20908,49.2243497290144,5.404968250254522,1248.2875127639013,1810.7925565455012,standard,urban,83.83720952454686,83.96293875689919,94.15295579488182,503.51
20317,40.33811388053777,8.532437146599921,1514.4195182553099,1603.0240721576533,standard,mixed,67.51693914096865,36.03781215565696,97.61125269304505,368.66
20565,41.327960657882514,5.4160152821097345,1683.3569965091542,1977.1754479588935,performance,highway,52.700532177160966,42.69020873228372,184.3951041446199,544.86
20398,47.87563905167328,5.42491781526522,1471.146199259072,1672.50157933802,standard,mixed,59.84691599413601,98.19177845014141,132.64192587907752,419.44
20708,33.35949367594175,5.6354653173874985,1330.516962541531,1459.0185073449034,standard,highway,60.950750889565775,78.39165096792028,195.888607527575,324.68
20898,41.42009565586664,8.139250056274182,1749.4035310913282,2459.3187455147836,standard,mixed,49.07414530137435,89.72041309317915,210.50830476826593,251.07
20292,36.40386486121546,6.074836957720438,1206.1490580845434,1562.438572514781,performance,highway,46.3111770273356,43.87622206516297,117.7535769838851,440.25
20292,36.094311894089856,4.978006323449247,1609.2758015100721,2065.2003878821215,performance,mixed,70.5208484071425,23.40762039841152,189.66312479775152,579.5
20484,23.901617593743584,6.091480000096303,1213.5811604946164,1439.5163173821288,standard,mixed,72.67909945563143,41.18634653864517,112.22695993035592,294.09
20898,58.393265894799995,6.95193644397927,1429.3068874032679,1883.8397917534267,standard,urban,69.05672204329439,71.60919178315135,261.65579585660885,468.67
20446,38.13461246846231,5.228541274503422,1265.9312305628646,1971.2062636606747,eco,mixed,82.72977141485703,10.943040483597933,115.35214977343924,649.68
20802,56.633760551635504,5.272478336448485,1283.2443452041568,1683.3967882302322,standard,mixed,51.87340145982597,27.046910561650883,201.3043720480002,835.38
20691,55.68792321394292,10.166944501149377,1186.784044761337,658.2068309213591,eco,urban,85.11406149106695,4.6635900461590385,192.18950129407878,483.56
20982,32.14000293483507,5.70915189427917,1703.4562093542083,1607.3009843424452,standard,highway,46.48618322168771,43.23477383381316,165.80439110544668,404.68
20891,34.11588764327154,6.51543644684049,1080.1221885674395,2092.18401910399,standard,urban,44.80971654947261,82.74457359796132,116.47284192916584,289.11
20411,70.60502959355684,6.449144498801071,1077.9303242353874,1810.992333211092,eco,mixed,33.600616767761245,2.46636882980108,142.43012540292955,1004.29
20507,62.50925941927143,6.367964788344337,1936.2980697535327,1778.3355500916987,standard,urban,53.31307029259774,67.5323526807166,42.3205943527724,636.41
20733,44.68481486671896,7.932020109953653,1593.3542693962995,911.0972264169924,performance,urban,52.44416494755819,93.24958745137396,161.22100191911252,276.45
20785,47.573731064173494,8.422214425708074,800.0,1311.8179717299765,standard,highway,67.88905920381976,23.692786151118227,167.48076655141926,456.25
20889,38.691535970528115,6.541068352702612,1130.422378236879,1764.5430524605756,standard,highway,63.658364124306765,69.36348407276482,156.67497095306857,356.1
20243,49.3235271420034,5.145282570111476,800.0,1764.1533107147568,performance,mixed,42.10539943471295,97.51019011002003,1.3346914353721218,490.91
20419,37.82818099277529,8.911660341773356,1014.7927919754235,2085.866712053161,standard,mixed,54.10910642361274,96.22780601524632,86.71817774550945,210.7
20928,24.676462357016153,6.856988363204976,800.0,1542.0532979415623,eco,highway,54.42806968368472,23.492919302914327,112.59545085756687,299.72
20959,31.78444213488949,9.595482722285753,1258.9031266918173,1762.3296346695256,standard,urban,33.360266295571606,10.03310532120687,164.58294665945232,288.74
20153,45.21092747850587,3.631621153652256,957.4174542516066,1606.5496967725176,eco,mixed,45.28579909479946,14.828253789591594,164.46694528214923,1057.84
20815,33.68932764497412,7.29310483192498,1317.9715770389316,1205.2229053993774,eco,highway,48.437795540788656,70.20356684821422,141.48881040144104,278.58
20423,44.32722535086465,9.877909500814312,812.4636223352426,697.683467562101,standard,highway,81.5043752973142,72.57588754532756,181.76227683019783,259.92
20272,34.25338960567137,6.470103796842762,1324.873555951612,1772.4038768520306,performance,urban,62.87176073936029,67.4236561628199,98.687881234855,333.62
20935,37.176460774980065,6.661759864998046,1175.5251165639017,1669.5788833651245,eco,highway,69.9325313092125,33.60783877422381,180.51175028469981,422.38
20646,53.531653064131916,7.443267537385508,1750.5858895565786,1352.7299831599325,standard,urban,37.52046754276182,16.977693975812215,173.73710524199456,600.97
20824,47.474805476401045,6.161806271672564,1723.4070585236875,952.3307773936541,eco,mixed,77.91321724520988,58.076109195225314,168.87773664189552,500.57
20519,44.90335578686653,6.531892101920901,1535.603680903085,1851.8958057634952,eco,highway,79.5165309453614,48.36804457578665,140.8979784457172,484.48
20127,53.78963973070651,6.493277358712896,1202.0158658016362,1493.6319703217791,standard,mixed,30.024825492830608,72.88341471223035,241.5371912415631,462.92
20372,49.806085933473476,6.058868898360441,1895.614118578088,1822.7498889472583,standard,highway,49.420249141262275,44.136007868562146,174.65978442449392,584.68
20567,59.465632912513676,8.84328482530084,834.0894166480539,2345.619412164703,standard,urban,67.43648359523266,33.863969468646836,101.58320683732205,530.21
20637,40.401407376848596,7.691617048444653,878.9324111309012,743.4276478721181,standard,mixed,69.66582680307273,29.34785773590144,162.41527378679922,411.79
20158,40.70365021472492,7.375942348154953,1274.8650700332805,1320.1596765190545,eco,highway,49.82257904269167,21.147032004974655,187.62416885371093,447.2
20570,31.988907336086548,8.212856510335175,1976.2114326763358,1516.2497546752347,standard,urban,55.41750805419521,26.57463761866614,120.59457005378452,317.38
20569,40.7101928262758,6.6034662501948,1239.2983279389737,2181.9304696586605,performance,highway,51.03928408432286,9.483043884410137,204.46361234655495,527.23
20651,54.64769894302446,5.838694272470649,1245.0264270372154,945.4387923174061,standard,urban,61.65627070419179,34.685701092888955,169.10168528580053,708.22
20175,57.99987372262134,6.096063543078164,867.4268931664573,2374.344410272242,standard,mixed,77.95767797192869,3.65698123629582,32.876083116732644,918.68
20926,54.60305168086668,7.002674561656914,1583.7788755811134,1654.3423606265162,eco,highway,48.43436764288193,18.64138471663268,164.98359886689633,648.74
20619,27.058081334505637,5.411182437440647,1585.9528762988061,1561.5997353064568,eco,mixed,75.01230746652621,74.67704446194291,129.69854227936423,293.01
20210,55.831452126607346,6.249608475119986,1536.722560419973,1520.7760947124375,eco,urban,48.274918914796686,32.546898867662264,176.8589907270868,681.84
20446,26.614813767279294,6.225825037192848,1111.2337981457913,1425.4947871279885,standard,urban,47.28559181254674,66.82370169773438,197.2107420125907,256.59
20585,53.98117324122347,10.18683434474352,1087.9879694880983,2019.246703707662,standard,mixed,72.2789192751482,71.68841755972774,159.7581023570909,312.81
20166,41.32215473428945,3.0,912.0633248785089,1172.5916983670245,standard,mixed,73.82904567011425,58.11853427321135,233.26261169723477,863.18
20459,52.02533313933856,6.73057041789155,1325.16175052828,1738.1656726575416,performance,urban,72.77114905143982,95.86977413653985,141.06465577182522,374.06
20915,31.67551652105434,9.588540689222157,975.8778012164495,1446.3273337172097,standard,urban,40.26303887672788,2.1439866623113257,181.24089115269376,297.19
20356,56.71167632706147,7.182766696198681,946.7750484252134,1295.146620594361,performance,urban,53.01073532891924,73.86526505881422,190.24712868186737,450.58
20303,30.35025253895111,8.130126210131639,1172.8927849267973,2634.390070273558,eco,highway,72.34482888004982,95.8786643940408,145.13270155536335,180.24
20232,38.315450891468224,7.149739472649652,1153.253147444735,1767.620293901384,standard,mixed,60.62312760845842,86.22717293529392,188.93871539888912,276.05
20326,35.01905372230965,5.998999928175279,1138.6064413534134,1845.3062178644575,eco,mixed,43.89460730703804,16.789269180501332,120.26635064189156,502.59
20883,27.45715147177501,3.6371260982366307,1439.9333790520784,2055.110712267465,performance,highway,66.87476908688163,32.68203062517321,128.87157904893908,590.86
20181,45.94527567588468,7.308183530554454,1323.7143406450837,1031.4600218725811,performance,mixed,49.27789111512794,17.24518398764654,84.37556548318437,550.24
20633,63.060891178369616,5.836590093096413,1213.5531908466646,2300.916763648813,standard,highway,86.91787272588319,60.13083638147041,162.07045581850235,694.37
20333,71.66905222320008,5.799496890752044,1354.9038784934446,600.0,standard,urban,83.17262193627388,71.21879819794923,166.2625837927172,729.58
20714,45.971557870862476,6.251519116031332,1002.5418876686103,1292.4934359845918,standard,highway,69.06146139533351,31.70737693630582,208.96315792896146,554.13
20966,56.16681275067522,9.61729210993524,1331.5835871729034,1416.3873307284398,standard,mixed,80.4151005715466,53.95065739842955,189.55700021779418,386.06
20028,47.320946379285374,10.60725631338096,1345.1807478533901,1832.6893459882024,eco,mixed,60.97187025185072,69.09205700711951,135.76022216762834,272.18
20713,49.98883194768213,7.325811906292602,849.0859421927557,1687.487306456595,performance,highway,71.48156241562523,42.13398166110483,91.09101563328616,514.08
20092,41.57851348872761,6.302849164132408,1598.7081263111086,1533.2741037206426,standard,highway,82.16580442953112,85.40155304554592,171.64252012599871,345.55
20840,46.950769254226024,5.234160373823185,1035.5698884319013,1595.2010621489105,eco,mixed,63.68248022691469,77.15499352878172,205.5376586207321,494.34
20867,50.374787046064284,7.702810242319104,1327.0929397619304,1208.7907905909728,eco,highway,56.172192427285744,6.466554385057066,187.75924869019718,573.42
20687,39.215402711236685,9.674358400097717,1649.323522160581,1001.1070422063307,standard,urban,34.43067062734326,62.1125299090829,204.22387624286438,250.93
20329,44.22505700107012,6.628989419462265,1577.7030273141609,1890.6046489344242,standard,mixed,58.75299711417759,23.53255509597496,139.40552344008788,547.62
20722,44.41569881002512,3.4315059388701634,1310.3000165706505,1877.4824450144743,eco,mixed,72.35134776843466,55.75182646672753,126.66905159121772,874.41
20183,53.26403317330525,8.005074507723286,1191.2502991353795,2233.7977500628235,performance,urban,74.18450141351444,95.68884426329663,113.15493238841006,327.4
20094,34.339678283723195,8.478099567175075,1584.2535725726702,1283.9931612739167,eco,highway,67.56547598577615,87.90620045522502,147.20517666932022,210.3
20784,44.48457791392349,4.621231539421229,1502.4084933425859,1877.1260841203691,standard,highway,51.880513575566404,40.451640311513174,146.07046020155903,711.83
20648,64.12005469052697,7.2647262754944295,1114.490493986761,1486.5173086541072,standard,urban,30.347676465786144,29.151385834435338,160.3338814269558,693.53
20748,56.640601525859374,7.676839024204148,1061.5319058994928,2076.189994077393,standard,mixed,52.571773529928976,23.440574440825902,143.5351271482246,604.59
20352,58.49179048888705,6.890339046986592,800.0,2008.7851106712567,eco,highway,55.43482693419073,53.25148697565201,143.31861351366143,578.24
20929,45.24431840178034,5.813843621371969,1346.2095525050763,1684.4837596897826,eco,mixed,55.306065492149784,11.424845325805633,111.16529735139281,692.98
20940,48.20997563686023,8.523905835345335,1275.1906764944804,1464.1879373336053,standard,urban,69.27834535466887,54.92750081282486,197.08095067757455,369.83
20983,55.02236166702925,6.394930381046976,1640.8574123927626,1984.3728714433046,performance,highway,89.7851461652226,0.13336394907920157,153.82590311218556,793.7
20264,60.60255529530931,4.7722207559501015,1407.71652804411,1858.7618093026263,eco,urban,61.852938027616396,32.38496307458448,141.2778032857359,989.09
20646,25.483970871171135,3.9257882714954784,1700.2687582518072,1326.223839165527,eco,mixed,56.749023162653074,21.993431383058127,112.62853733753977,545.22
20655,31.845586929501543,8.891274279998964,1090.7907316251487,1068.8805306082277,performance,highway,56.111672804938614,97.12187899607821,83.4043444804457,176.55
20018,58.09444101402648,7.924995964706677,1641.4450992902855,1484.5868397272816,standard,highway,61.86577150361571,72.7242319569979,215.39820962746717,416.26
20742,42.23110644231196,7.131960320693754,1141.3250862686034,2206.1655261392834,performance,urban,47.57559359477402,34.96533804622377,177.73193540659037,445.2
20645,38.282792107419226,6.3395880447237944,1533.2788185376817,2058.594863493215,standard,urban,61.802978381190826,9.284508653062051,68.80410787150164,556.03
20625,32.45839013004396,6.206502378695309,862.3724822407919,1155.0690121317677,standard,urban,66.762185044977,51.6800594690624,188.15711503548283,351.35
20498,39.44983298455891,5.386395027337583,1370.5405898098566,1132.8970336400316,performance,urban,63.14529095361732,21.34478813260423,196.12405851165545,590.08
20138,30.976307165761753,6.352816533160173,800.0,2109.8735398717945,performance,highway,66.86312901007172,53.64295458983578,156.21880611504648,328.95
20636,65.91094272732477,3.819869177319738,1219.8587542174737,1145.7456380968683,eco,highway,66.50621414022802,83.53623541788924,229.90554478758793,889.28
20715,44.775639480194265,5.895904519797229,1432.106198163374,1803.7181294568031,eco,highway,33.42154976630334,61.57925521013854,160.83598210614414,483.34
20572,44.420494582372825,6.533593725473359,1143.7094346306712,1353.5715138654705,eco,highway,69.55305237593105,63.37884195450022,79.15882360254051,446.05
20761,50.880766751678316,7.914820070785629,984.8687113732099,2246.817969808673,performance,urban,49.934777315063194,54.103028906281146,168.25845005241604,429.5
20809,54.6234516926657,6.940110304939954,1553.8355407887802,1291.8300803448485,standard,urban,43.562412554940636,92.72656326314092,162.24486508563646,387.91
20524,54.45888156554639,8.192384670813338,1268.961163045923,2057.3446120823314,performance,urban,43.433222582175055,93.19026844206033,119.83515756109225,333.74
20907,55.73621943907572,9.023702657670144,1153.1288058907985,1673.9434616241458,standard,mixed,66.50312415708794,51.27232010735522,178.67794184387125,418.28
20254,38.69154449209144,8.587255140736152,1312.568776346283,1700.8779416937148,standard,highway,56.661376091627204,30.575948714350442,66.6167366904569,368.97
20084,42.02133195043139,7.705764771067836,2091.0007425836766,811.8765674594396,standard,urban,34.77046824021884,45.95870058794439,199.52834137213947,378.11
20457,52.69031655442276,7.017794018771176,1646.0508549344631,718.8346587177126,eco,urban,67.17056722788425,18.655791219561568,106.09391481972736,644.66
20531,39.7261093836038,5.528817987379661,1648.772100456352,1511.7736238930745,performance,mixed,38.40587803801759,63.634431531808936,100.75269374414839,465.23
20561,44.94893367972775,8.109916077068974,1430.6638956977092,1698.7624253666447,eco,mixed,62.097320377773165,50.00923357822332,144.30876138462617,385.67
20675,48.987637644248146,9.519621073332294,1349.945581773144,1149.9208689049108,performance,highway,63.57748388509581,10.33004778132799,171.64864640218178,446.13
20091,52.85185082310376,7.513159059475627,800.0,1164.522635809463,standard,highway,73.28365622542567,19.764778111961533,158.19620317967147,583.8
20599,27.22319037629799,9.875888722639186,1096.3058960610604,1824.5890519304533,eco,urban,86.72527179700278,47.96319561995268,112.86704171138109,197.72
20068,52.147456498889454,4.711642437908374,1155.8276760392578,1825.1417921828522,performance,mixed,39.52985511149188,88.75889907188584,124.69553544040558,577.22
20036,42.66275942148275,5.268754922830688,800.0,1544.9035758448292,eco,mixed,59.212892159054256,56.639072063109744,93.34788263112691,553.33
20764,52.07457710864381,8.282802261622393,952.7752629353699,1912.08068847443,eco,urban,55.85497057433674,68.15350002084708,138.7660049185065,385.71
20763,52.76931692354829,7.396435315229876,800.0,1130.3190817119414,eco,mixed,66.50624528941444,33.90285497439097,203.75106072554547,532.14
20139,61.07915061119158,8.970673264857712,1288.5028492907882,1457.6260331652118,performance,mixed,63.23503156400428,57.141139304423426,149.7868531178062,449.92
20866,58.53453647621203,6.976792538909891,1545.6297912546447,2259.1510423134696,performance,urban,54.7118063589507,44.73798226380674,192.97071273797266,588.47
20892,58.46571662610296,5.698036866207502,1632.0323555872988,1627.328851975927,standard,highway,53.386467170837165,65.91299126231607,222.77006688630956,611.29
20679,59.43670319166238,6.679610136692436,1424.4353386237724,1650.5250058347997,performance,urban,43.25323717223929,5.057556607901037,120.59907404815165,815.02
20565,47.91378984815946,4.700974043614399,1010.9810976404293,2522.378634387096,standard,urban,74.81792373609764,49.33002162389592,140.67133734723177,713.83
20897,45.321850870368394,5.307113990354448,800.0,1040.2631336604918,standard,mixed,66.88806272399295,29.599262514396695,258.5596430531248,633.53
20177,53.728170831783345,8.458665996877015,800.0,1918.572146656844,performance,urban,73.76652296692706,32.61850612779092,222.21717059899726,472.53
20808,52.32080951433022,8.309181121704414,919.3052268236504,2265.5945119232397,standard,mixed,55.344057952867296,96.09174315580614,66.37977370938238,316.28
20812,41.9093376326174,7.544506427209115,1033.3420905892976,1470.0568294005816,performance,mixed,50.147467969583545,18.269481271138275,169.35741580304534,462.01
20870,49.04823408808268,4.418383718559296,1252.075450602524,1943.8523147419385,standard,urban,43.82527400056158,31.12452525785969,150.02799961698477,867.03
20617,44.64903533215406,6.462394636730667,995.7507345619094,1207.192201115638,standard,highway,65.38376375610989,50.98925757308718,191.32265554293812,465.52
20136,36.46067091539944,5.162500167009924,1401.6927681004784,1325.3070417730594,standard,mixed,44.403101632076485,86.30269481496236,112.75106162574724,378.86
20189,57.9046074137635,8.764799880681649,1230.3179491601582,1753.9865664190538,standard,mixed,87.72994603449825,41.667008320637045,108.01958139796639,494.77
20639,45.551992425300895,6.124416799656098,1303.1637135223077,1919.426669244236,eco,mixed,40.38536128359839,74.3865280888171,116.19646423531952,440.0
20341,65.48708257698851,5.371378433827676,1642.0751658013614,2048.3746049624983,standard,urban,64.10490178818753,85.63740982148023,121.40357269007836,654.83
20558,28.745077298001675,7.044694247682137,945.930479739889,2227.8514347757973,standard,highway,83.50282060820679,31.001635582184896,190.7662083404507,311.9
20004,39.432212271566335,6.039768314748082,1425.6113734877106,1573.0213765779272,standard,highway,68.98634638895713,39.27501835387099,90.939941342556,500.81
20971,45.326388366908716,9.22561586530556,1295.808031457178,2077.444702069035,standard,mixed,62.635105687376694,35.65562236883563,118.86930500203405,379.73
20256,56.37381097628914,5.897783653698713,1199.9541157090914,1463.0780626203405,eco,urban,45.47274529557157,83.28558086179211,60.54938047492794,540.92
20811,48.99469372602185,4.901157611163053,1565.576896259788,1960.8365246353073,standard,mixed,39.27346217148444,4.434686195360116,200.35589117061863,879.57
20661,48.10472754180751,3.7706297263637265,1563.7042463671023,1682.9955191408726,eco,urban,71.55075163376378,30.842108882868004,213.55150497155702,963.82
20805,33.727362074458526,6.953820246379877,1016.0527612034716,1778.2711628327695,performance,mixed,82.5922086116242,67.94085575951298,133.64632845681066,298.86
20242,33.43058602770529,6.157104829213111,1245.3518248426228,1769.403149608815,eco,highway,53.41725014282743,56.54434995653427,135.10253175933886,363.14
20786,48.22504660289905,4.85664309023241,1384.3635047752196,958.1179960808752,performance,highway,42.91407738575474,43.628935929369426,172.66109511414487,709.34
20719,31.358940061816416,8.783839691883678,1218.0979755932246,1150.3512564556906,standard,highway,23.127458541764724,53.99482272213844,223.7241003689128,231.47
20414,39.68122249710672,8.000867721143862,1475.5063996863396,1641.016575927009,standard,urban,45.28852734506194,19.758458582831828,170.43053737819585,408.88
20626,50.00917329085858,6.9576731815941555,1384.3576053730826,925.0883681435325,performance,urban,58.2951473625144,43.07166216080104,115.12290287624427,531.51
20706,35.17675727723224,9.0464893662563,1849.7683721068038,1932.4844412799023,eco,urban,83.98684861255101,50.1702984176349,69.05887140067797,281.24
20342,61.053559623618064,7.9938040500979195,840.9162592210637,1948.6223865152567,eco,urban,70.09700538349453,90.11891219546017,94.24368686682561,399.84
20681,57.2393634423789,5.765716147722351,1263.2692030757808,1730.8682211511161,eco,urban,64.5762810706013,26.083516280397635,153.66097251562326,796.95
20378,29.285800016616996,5.441169754013851,1027.4492465463427,1151.546394896831,standard,mixed,53.99820508048303,86.78285021649326,117.23362383996027,286.82
20593,35.67628756818013,8.226972316680792,1481.2322366317132,2152.055575547406,standard,highway,51.252514241160654,64.42414008259819,159.74838529953792,270.48
20665,22.1422275550505,7.594550434701026,814.8484329863367,2414.884255887343,eco,urban,81.08471396261945,2.0340831067600984,122.3537991881883,270.93
20652,37.174086374518666,7.2546216519559925,1403.893813067466,1658.8307309783895,eco,mixed,63.011078111375845,72.46313368993937,97.09267843527942,310.9
20825,52.66388476572399,5.730253295696639,1110.9854705954976,1804.2141513804945,standard,highway,28.46098962118467,3.555187754905509,91.14841842734644,861.57
20145,40.86105057725143,7.9119213505086305,1079.7514401636959,1680.6954619184175,performance,mixed,49.89690528154136,99.73811268138131,228.1177254686615,229.37
20322,49.60797243615968,5.866751675299076,866.0505389377938,1812.1476755995197,standard,highway,47.1267595234256,87.26366876911979,194.44938745918216,430.3
20121,29.77665681718256,6.847020018109483,1160.4772161396982,1552.1764973494417,standard,urban,51.806039862338025,29.734374754004566,236.52589759139792,326.45
20251,52.97975254581905,9.17041621958047,1625.3501590872777,1586.1743040624788,performance,highway,68.44365990427627,25.741123019670543,176.99754503775515,458.82
20854,39.448907720716505,6.008748646284781,1292.4433949411562,1962.2870401989462,eco,highway,58.388326773086256,38.14410821056089,128.50042956925805,497.17
20898,45.12169682282905,4.640516114390708,1488.3041253623423,2538.2496647585763,eco,urban,58.84701889494507,35.616696531444305,216.1670461244969,712.81
20310,44.07125498606947,5.421179212194835,1799.3925465898824,1039.9715062393045,standard,urban,79.70209741987856,37.23378183853811,148.3465999319116,612.53
20600,32.28451479107716,8.491448240031435,1379.1266754467727,1558.4750062388132,standard,urban,49.55308365319967,31.82765461194804,161.04208851451762,293.95
20474,33.469156682602176,7.382096706070314,1132.3601283812977,1127.815805907167,eco,urban,87.96299288831024,62.11334068483314,147.85878104622404,289.47
20569,54.67794469003426,6.8066839319668695,1440.1756645548369,2236.8099594304335,standard,highway,49.93038612943371,16.426366372062397,2.6547890357992685,736.34
20491,48.98992157501696,6.236359292032645,1136.7111561057125,1364.9048122720405,performance,highway,61.33797294918857,84.59812924460131,230.23675061474268,401.09
20574,55.500490415534266,7.728039861329785,1148.6731950108492,1022.7196824856824,performance,urban,55.7819460689585,81.24024840313153,174.55019729788768,389.23
20346,48.24658235502518,5.726342723514665,844.0321601143046,1855.2747995394293,performance,highway,61.85128700251442,47.64832078552704,166.4911530434255,588.38
20819,46.42990634809217,7.458498352963894,1577.8772473253177,2297.7244458972445,standard,highway,66.66887992609693,85.27299652785476,146.91119688647197,330.86
20486,27.739893813332333,5.903118146780565,1184.1992273051683,1865.439147424305,eco,urban,66.50752860133315,24.71450700302933,158.17139101930655,379.28
20472,42.296333032388304,5.653510922087419,1354.6294737447586,1681.9191509127668,standard,urban,48.7032400406913,1.7565455703966948,120.13605320768761,697.03
20381,44.72615679596256,6.0437688477624825,989.2114214180082,1763.6563691103975,standard,urban,43.15627983828644,61.9207925029823,180.82896761536355,464.72
20279,64.53107198272573,6.436888830274057,1430.7842889146418,2165.9362651302217,standard,urban,97.54757686358566,45.79094069647154,84.64508278004338,740.27
20071,51.86956632098677,6.926755246099445,1071.417628559475,1250.32029199434,standard,urban,52.740234905991706,56.71645462958706,159.30342162352736,493.74
20520,60.36061181709528,7.353183692666671,1257.4873834894527,1555.2611583654748,performance,urban,70.4881865800798,89.9339409018403,178.0786735285552,411.53
20365,50.97537705894728,3.0,1563.3478093717376,1418.9239405961866,standard,highway,35.88538034215205,96.99255735659435,140.06654330885485,813.85
20932,37.886967730505205,5.7885241633798525,1537.2277936697587,1132.8538770833159,standard,highway,55.805809201429845,63.4453139755603,168.54338962355123,409.23
20093,46.17124216149851,6.412645033965941,1293.390978244918,1468.649896233279,performance,urban,58.09200924026336,76.40555898524384,100.43328038828749,422.6
20372,47.36223646264233,9.257593057912494,800.0,2043.0884383929795,standard,urban,67.09222604891748,8.380843348716427,101.70866145520179,465.24
20338,35.60844430229318,5.379996087426802,2197.843171018192,1826.6408593570902,eco,highway,19.16318788512092,16.07155848915056,161.83585605131967,559.43
20436,41.15612623407079,7.244194927149869,1823.7576910819407,1857.7242000432802,standard,mixed,62.49210919617496,73.32048049529766,183.92748273105258,326.76
20335,42.94233006322828,9.242545464603756,1516.8024474664896,1658.5902446613272,standard,mixed,42.75387816948161,43.13654563880019,56.25671722491445,354.16
20663,61.05619832565118,5.030547205079091,1074.0388655227089,1809.3295130914355,performance,highway,64.86518566792385,44.59652704044057,176.10103175553832,860.03
20491,24.192594746090215,7.590962838796603,1265.9223514894106,1279.7638630607578,standard,urban,44.45506204742756,30.86076816354366,122.83992498118315,252.97
20916,57.05818420716043,5.79659224909822,1136.973871067045,1476.1960456291083,eco,urban,47.16775956111628,60.735638347774376,140.3596956346294,637.32
20867,35.63204765040617,6.243049386566148,1679.1567817289165,1676.8016947874708,standard,mixed,55.89558584410098,18.51650454162026,83.02410382174814,496.41
20039,31.27920812730386,5.7953337490700285,1378.7508672555502,1711.006343552756,standard,urban,44.21505795595207,62.69162793138956,107.4191379906646,350.65
20358,56.79942130038464,5.902214037376171,1064.7508424920502,1728.0751419687492,standard,mixed,52.86698329896968,17.37988571352397,198.30626627651557,791.59
20573,52.318980692343814,11.082868221859739,1158.7734702625653,1544.6658871934487,standard,highway,42.09936347185027,6.382603470971359,151.64316869901066,422.35
20253,57.5451870238119,8.266683808107498,1636.3564427709714,1449.030639547868,standard,highway,32.502443224519084,33.0357688699061,130.86107991452207,543.1
20965,53.00701947545576,8.652606792679313,1780.0293540461435,2863.1085132177195,eco,urban,75.2693557864404,23.11403420098477,144.17558236844826,502.76
20580,65.59845001737402,7.737990230254744,1758.4994690458736,1962.7149091729596,standard,highway,40.55926960764107,88.89916385563323,174.46059123321507,429.85
20397,50.587238369444854,4.5906148173970625,1527.1096195161933,1765.258990381049,standard,highway,57.319786685880246,5.49534538686266,172.0247248081669,979.51
20756,43.435226238768415,7.592436955484961,1224.212539359209,1506.7166007174424,standard,urban,71.29336622240677,17.661369257412286,146.24864998015997,483.43
20876,48.42926377321343,8.60939442176102,800.0,1419.5124692224495,performance,urban,50.77583846225935,54.87196055830494,204.64795554483342,366.42
20169,57.434691283459635,5.719900788941333,1389.1480071424664,1547.6797625092177,performance,mixed,47.62251150381693,48.10671908474736,198.5231318453333,686.9
20689,37.20624674739883,8.44799000074169,1299.4513723467699,1717.1315374346734,eco,highway,63.39357133001132,4.585201837470154,170.66860145651978,393.6
20700,38.48111417468619,8.056504314781119,1341.994628896406,847.8257823747674,performance,highway,76.76900734090728,0.7252428015144474,152.73058914550353,439.57
20510,41.91039985402092,9.778060067220505,1316.1692041099618,972.2441618501265,standard,urban,42.460271023702965,98.80679419611499,182.86605475597696,197.04
20259,23.954172012346678,6.373325481229572,902.1213514152529,1345.247044424417,standard,mixed,57.747782519738415,65.88347003588382,165.71337109005918,231.16
20583,46.38078408417547,5.3535835265864105,1467.2225670553557,1682.8557747114273,eco,mixed,34.01258107549009,36.54061309015568,203.04000359029737,636.18
20983,26.138712960489737,6.457557835941182,1489.664894209555,1504.2907411392594,eco,highway,54.10198494476715,47.04322476632413,194.97806883691538,279.39
20458,45.53059312932619,9.153356489745434,1504.7016346178978,2191.248490439794,standard,highway,60.51307026807113,26.655012045428695,99.08730492911357,409.77
20528,53.652897561352496,4.2573911787370555,1583.973101072016,1007.0412852016925,standard,highway,47.18063037367401,34.48737836932098,95.70184146291469,993.01
20881,40.23123539356165,3.8974364268534516,1481.215493476487,1299.4618121586518,performance,highway,53.145122492621525,64.90444672682139,114.93752277979618,657.19
20340,61.771158701868714,7.13409291839742,1176.9911765383267,2208.0366963964407,performance,urban,38.87659847538825,88.28117988673708,198.80693450334604,435.59
20056,30.394991005815122,6.336116060838766,1278.7489456251728,1652.4477298700588,standard,mixed,61.1561791707224,18.413002308118486,71.18455016143773,420.04
20217,56.91260681631832,7.011591839763527,1327.337460176013,1953.9370331204634,eco,highway,75.83541373324725,84.03615053853187,169.73786945539968,430.69
20618,51.751370564069205,8.417967656853797,1332.3098347319856,2420.4987773077855,standard,urban,43.542841953443045,12.155662951826907,168.12715455464806,528.87
20815,27.83966751689311,6.171145980821722,1599.465296791519,1322.478232839271,standard,highway,50.65992350171426,21.49922235883912,208.13240293430965,360.73
20939,72.10794299040532,4.190491253604069,1493.1006259067472,1560.2742648831872,standard,mixed,67.53819369681273,3.7175288049645983,159.01693453319436,1554.5
20684,44.36254714496034,10.066722335799916,1923.203031870986,1491.0292396276514,standard,urban,78.18136078984105,14.081186209299945,82.83953047080497,392.69
20730,36.22515977844368,5.504157568841836,1961.9406939654018,818.1627982066898,standard,urban,37.60215281686603,91.73031454640505,102.03225196759385,338.11
20463,30.929128052159832,5.411444316981854,1323.8948747841775,1475.8412784976124,performance,highway,57.46822893876076,45.94387466183786,90.90022390510876,420.24
20246,42.79981972340326,8.655580020583894,800.0,1952.4248749522662,standard,urban,64.24696233479287,7.7665861778353555,123.10280168334299,446.02
20729,43.725931276100404,6.423266318437723,1671.04973983818,1816.2358167248963,eco,mixed,58.469154140567284,95.97268380389613,140.85492162880365,329.14
20372,46.02645528539664,6.904915221947784,1137.8870983038837,1847.633267755204,standard,urban,22.848118996843695,87.899230775865,91.72792368894716,356.48
20416,42.0220384377604,7.724185186090477,1059.554823450698,1449.7964077442002,standard,mixed,67.51635013963158,75.46825208681412,223.53309953261447,300.89
20030,51.33225310115093,8.625374654664993,1180.4664175031899,1337.5611055977433,performance,urban,82.79004526635967,93.34727919475579,83.73593140237794,304.07
20367,41.123701673367535,6.499808960227342,1166.007085955618,2107.702268759448,eco,urban,61.74992626754255,22.012942083576416,217.305171193124,501.88
20558,25.65035882759529,9.27992800887145,1483.6809430316177,1401.0731414569323,performance,mixed,44.53340920058605,83.63692930100864,209.258151571967,143.99
20645,43.506385043503585,3.7963002268977917,832.1692662621324,1717.6328155172857,performance,highway,52.303091304535755,68.99911963543062,194.91512748445177,677.49
20107,21.325223466267218,8.139680855429615,976.6837762625196,1665.3338722710155,standard,urban,86.5486960148339,86.97592495676884,115.31166962516248,139.52
20583,48.5377063089139,5.740708662973514,1402.947566259225,2184.6868065028475,standard,urban,73.64943811290838,79.69115657426298,167.12254395884509,466.11
20838,35.20699769717365,9.058406974911987,1486.8832091239924,1988.5649430689439,performance,highway,69.60039927576494,34.6495063176825,86.1314433224691,307.49
20417,46.633603549158,7.213066718245818,1492.4624934808035,1081.8965517331517,performance,highway,65.34618875301564,77.43985370172555,195.54535175168746,357.45
20619,58.14074981524604,5.990642001985897,1063.8891163200103,1124.978733289984,eco,mixed,50.08294331713542,26.245630298489033,146.30076092318654,781.49
20820,35.51251304732,7.994261639532449,1006.520305220128,1831.5639272276537,eco,mixed,56.99143229016347,32.859216302805486,129.53398927066573,347.2
20397,55.61256258512118,8.339782520810877,1148.0095498636242,1574.2649410483334,eco,highway,58.831158964822265,10.790571722297615,88.81275766718653,602.84
20271,40.66610433313847,7.962841184287957,1371.9618256854176,1417.9312864184944,standard,highway,68.24361474096666,93.50766159804688,26.12469406854916,268.38
20682,62.531948020655854,5.45545564055041,1745.643210781765,2006.2511535977883,eco,highway,82.63378341400355,29.100336340028154,98.0729571482122,931.42
20115,41.34847386801787,6.273974314566873,800.0,1674.9837528355642,performance,highway,76.77507205189693,52.062246517145184,205.63990978064533,437.37
20840,36.59507014493309,6.993890744317848,1233.78137291249,1620.9829547557777,eco,urban,38.70923466305939,39.13328364661927,129.8583285762598,393.54
20585,51.87238450395289,6.938110521024909,900.1964676924389,1911.9314563020198,standard,urban,63.35992453351573,95.99281205835015,141.53355714424762,361.29
20255,40.64210270376364,8.124618213157522,804.3271967939531,1449.9564020225741,standard,urban,71.05145017751846,33.50491709384824,182.77771791442262,378.38
20080,36.58550485870992,3.9776481512400874,1590.086993603445,2227.4075941890214,standard,urban,69.28290495216953,77.8545821422689,240.28344390581327,494.25
20779,40.22160149296209,7.5014905818302555,1463.3873723498016,1284.7809507067968,standard,urban,50.56149354918871,85.541615463118,216.25023274728193,273.67
20127,44.55393467816999,6.56502796834504,1434.8300547841786,1862.7716265368354,performance,highway,103.71163823652543,43.560649748096594,101.3832498091906,503.93
20837,58.42180131244854,5.742249075424072,1576.307751919298,2173.533135463938,standard,mixed,40.84373156503322,37.81718144529312,52.87147142812968,803.22
20914,25.65912254540423,5.886269833345601,1156.0843309701593,1049.08180429116,standard,highway,43.75217330000925,74.7745820932628,267.9807129550052,236.37
20234,45.230806589504205,6.678193503223055,1170.2087450999416,1462.6659296590203,standard,urban,63.503926218923645,91.28959803062341,263.44958058297266,319.65
20552,51.24903594654043,3.0,1955.7191850167724,2056.8829571542233,eco,urban,91.75204582445781,75.49317330722383,159.42267982146413,978.7
20180,46.93448574991796,5.948065643812675,1226.0286837221277,2062.89781909241,eco,highway,47.45707723943744,22.71263655918656,86.47558772090892,669.22
20156,58.098651694335345,5.68627776303056,1520.5396339162273,1531.4017598447042,standard,urban,56.012574515295114,88.83077474377053,198.16132669469695,511.66
